Id,Elevation,Aspect,Slope,Horizontal_Distance_To_Hydrology,Vertical_Distance_To_Hydrology,Horizontal_Distance_To_Roadways,Hillshade_9am,Hillshade_Noon,Hillshade_3pm,Horizontal_Distance_To_Fire_Points
0,2596,51,3,258,0,510,221,232,148,6279
1,2590,56,2,212,-6,390,220,235,151,6225
2,2804,139,9,268,65,3180,234,238,135,6121
3,2785,155,18,242,118,3090,238,238,122,6211
4,2595,45,2,153,-1,391,220,234,150,6172
5,2579,132,6,300,-15,67,230,237,140,6031
6,2606,45,7,270,5,633,222,225,138,6256
7,2605,49,4,234,7,573,222,230,144,6228
8,2617,45,9,240,57,666,223,221,133,6244
9,2612,59,10,247,11,636,228,219,124,6230
10,2612,201,4,180,51,735,218,243,161,6222
11,2886,151,11,371,26,5253,234,240,136,4051
12,2742,134,22,150,69,3215,248,224,92,6091
13,2609,214,7,150,46,771,213,247,170,6211
14,2503,157,4,67,4,674,224,240,151,5600
15,2495,51,6,42,2,752,224,225,137,5576
16,2610,259,1,120,-1,607,216,239,161,6096
17,2517,72,7,85,6,595,228,227,133,5607
18,2504,0,5,95,5,691,214,232,156,5572
19,2503,38,5,85,10,741,220,228,144,5555
20,2501,71,9,60,8,767,230,223,126,5547
21,2880,209,17,216,30,4986,206,253,179,4323
22,2768,114,23,192,82,3339,252,209,71,5972
23,2511,54,8,124,0,638,225,222,130,5569
24,2507,22,9,120,14,732,215,221,143,5534
25,2492,135,6,0,0,860,229,237,142,5494
26,2489,163,10,30,-4,849,230,243,145,5486
27,2962,148,16,323,23,5916,240,236,120,3395
28,2811,135,1,212,30,3670,220,238,154,5643
29,2739,117,24,127,53,3281,253,210,71,6033
30,2703,122,30,67,27,3191,254,201,52,6123
31,2522,105,7,120,1,595,233,231,130,5569
32,2519,102,6,124,4,616,230,233,137,5559
33,2516,23,6,150,4,658,216,227,147,5541
34,2515,41,9,162,4,680,221,220,133,5532
35,2900,45,19,242,20,5199,221,193,100,4115
36,2709,125,28,67,23,3224,253,207,61,6094
37,2511,92,7,182,18,722,231,229,131,5494
38,2748,98,30,124,53,3316,252,183,36,6005
39,2686,354,12,0,0,3167,200,219,157,6153
40,2699,347,3,0,0,2096,213,234,159,6853
41,2570,346,2,0,0,331,215,235,158,5745
42,2533,71,9,150,-3,577,230,223,126,5552
43,2703,330,27,30,17,3141,146,197,184,6186
44,2678,128,5,95,23,1660,229,236,141,6546
45,2529,68,8,210,-5,666,228,225,130,5484
46,2524,94,7,212,-4,684,232,229,130,5474
47,2536,99,6,234,0,659,230,232,136,5475
48,2498,66,6,95,7,900,227,227,135,5357
49,2489,100,7,85,13,810,232,231,131,5334
50,2713,117,30,60,17,3297,254,198,48,6039
51,2739,323,25,85,43,3118,149,205,192,6219
52,2696,72,2,30,0,3271,222,234,149,6071
53,2510,79,14,192,19,891,237,215,106,5325
54,2502,81,7,175,11,912,230,227,129,5316
55,2722,315,24,30,19,3216,148,212,200,6132
56,2500,74,11,190,9,930,233,219,116,5279
57,2486,68,5,180,-4,870,225,230,139,5262
58,2489,11,4,175,13,840,216,232,153,5254
59,2489,42,7,162,13,810,221,227,141,5247
60,2490,75,5,134,17,810,227,230,137,5218
61,2952,107,11,42,7,5845,239,226,116,3509
62,2705,90,8,134,22,2023,232,228,129,6615
63,2507,40,7,153,10,930,221,224,138,5221
64,2500,49,14,150,27,870,225,210,116,5205
65,2493,63,10,127,20,840,229,221,124,5197
66,2509,59,7,134,10,900,226,226,134,5184
67,2919,13,13,90,7,5321,207,214,142,4060
68,2740,54,6,218,42,2287,224,227,138,6686
69,2640,80,8,180,-2,1092,231,225,127,5866
70,2843,166,12,242,53,4434,230,244,144,4956
71,3008,45,14,277,10,6371,223,208,116,3036
72,2893,114,16,108,30,5066,245,223,102,4340
73,2850,6,9,0,0,4858,210,223,151,4548
74,2628,30,10,240,19,960,217,218,136,5645
75,2864,118,18,201,74,4567,248,221,93,4849
76,2827,160,28,134,65,3948,235,233,108,5474
77,2529,326,5,30,14,1062,207,234,166,5047
78,2808,99,7,382,95,3107,233,230,130,6341
79,2840,153,26,134,42,4613,241,231,102,4833
80,2795,79,11,531,96,2980,233,223,121,6497
81,2746,143,16,67,22,2440,241,235,119,6597
82,2847,352,26,150,82,3697,166,187,152,5796
83,2840,14,14,216,88,3552,206,210,140,5944
84,2537,42,7,210,17,1134,222,224,137,4919
85,2860,358,17,175,98,3705,191,206,151,5800
86,2818,332,26,30,17,4526,151,197,181,4978
87,2801,18,7,560,58,3084,215,226,148,6457
88,2791,63,10,418,48,2942,229,221,124,6606
89,2745,306,11,67,24,2416,190,234,184,6428
90,2514,102,6,272,-5,1082,230,233,137,4811
91,2788,13,16,30,8,4126,203,206,137,5396
92,2562,354,12,67,9,1057,200,216,156,5031
93,3073,173,12,110,-3,6836,227,246,149,2735
94,2978,71,10,426,85,5742,231,221,121,3792
95,2860,31,10,295,98,3644,218,218,135,5904
96,3067,164,11,85,7,6811,230,243,144,2774
97,2804,72,5,543,61,3115,225,231,141,6471
98,2562,59,3,0,0,1116,221,233,148,5091
99,2567,34,9,190,16,1136,219,221,138,4924
100,2998,45,8,351,16,5842,223,222,134,3721
101,2684,84,12,150,3,1677,237,220,113,5693
102,2676,42,11,150,-5,1634,222,216,128,5655
103,2863,102,15,190,71,4389,244,219,100,5184
104,2574,170,5,170,23,1180,224,242,153,4910
105,2511,211,6,162,30,1071,216,245,166,4660
106,3067,32,4,30,-2,6679,219,230,147,2947
107,2909,57,16,134,23,5502,229,203,102,4084
108,2863,348,14,309,89,3918,193,216,161,5695
109,2567,333,1,0,0,1266,216,237,158,5079
110,3182,105,11,408,33,6000,240,226,115,1184
111,2818,324,12,242,26,4156,189,227,177,5467
112,2752,332,6,342,24,2372,207,233,165,6131
113,2751,88,5,400,30,2322,228,231,137,6088
114,2569,102,7,228,18,1266,232,231,132,4844
115,3195,111,15,469,46,5941,245,222,101,1206
116,2982,53,14,240,63,5756,227,209,112,3880
117,2850,58,6,295,58,4394,225,227,137,5239
118,2586,76,4,190,31,1290,225,232,143,4875
119,2837,17,13,330,45,4241,208,209,138,5428
120,2723,99,6,301,34,2109,230,232,136,5793
121,3070,0,11,30,-6,6890,204,220,153,2858
122,3056,124,12,150,53,6508,240,231,118,3211
123,2818,119,19,30,10,5213,248,220,93,4497
124,2847,320,33,85,39,4983,120,190,199,4725
125,2606,112,11,30,4,1584,239,228,119,5106
126,2893,83,6,551,101,4011,229,230,135,5755
127,2716,1,10,234,27,2100,206,222,153,5581
128,2644,125,20,67,25,1719,249,221,90,5168
129,2613,37,5,216,34,1519,220,229,146,4818
130,2929,356,12,0,0,5757,201,219,155,4017
131,2767,307,12,30,8,2798,187,233,186,6192
132,2991,49,13,85,0,6199,225,211,117,3613
133,2939,56,18,95,20,5563,229,200,98,4224
134,2537,7,12,0,0,1583,205,216,148,4509
135,3119,119,7,162,10,6660,233,234,133,2556
136,2942,346,12,30,3,5918,197,221,162,3902
137,2886,12,7,570,94,4295,213,226,150,5518
138,2775,344,13,42,7,2854,194,219,164,6177
139,2490,79,9,240,13,878,232,224,124,4184
140,3106,228,18,658,108,5984,191,254,196,1655
141,2831,284,24,60,23,5208,145,232,222,4611
142,2837,112,8,272,16,3649,235,231,128,6221
143,2890,299,23,180,79,5104,150,224,212,4734
144,2824,135,5,218,6,3583,227,238,144,6316
145,2728,135,3,242,32,2250,224,238,150,5515
146,2962,88,16,190,23,6093,242,212,95,3811
147,3142,220,11,424,69,6216,207,251,179,1989
148,2847,2,6,175,10,3757,212,229,154,6194
149,2536,34,5,242,16,1242,219,228,146,4201
150,3168,95,6,30,0,4884,229,231,136,1239
151,2926,289,24,210,99,5126,145,228,220,4814
152,2893,21,6,295,36,4106,217,227,148,5865
153,2687,20,11,150,39,1986,212,219,140,4936
154,3109,211,17,424,55,6089,204,254,181,2017
155,3119,200,20,60,0,6297,208,253,172,2377
156,2916,349,10,488,36,4472,202,223,160,5502
157,2795,18,3,218,17,3042,217,235,153,6073
158,2555,58,14,285,19,1231,230,209,109,4159
159,2499,42,13,497,-7,953,222,212,123,3950
160,3027,173,11,335,42,5678,227,245,149,1900
161,3096,160,15,85,16,6156,234,242,135,2310
162,2916,105,13,268,89,5618,242,223,108,4417
163,2591,42,12,350,22,1398,222,213,125,4224
164,3185,328,16,127,13,4763,178,219,180,1392
165,3021,221,10,324,39,5675,208,250,177,1937
166,3083,257,4,508,-25,6363,209,242,171,2873
167,2860,276,33,60,33,5292,115,226,240,4759
168,3008,196,15,228,20,5535,215,251,166,1924
169,3034,189,14,384,66,5754,220,250,160,2012
170,2873,130,16,67,16,4030,244,230,110,6091
171,3182,49,13,319,7,4767,225,211,118,1513
172,2998,102,12,384,158,6026,239,225,114,4121
173,2658,357,20,300,54,1597,184,199,149,4286
174,3175,15,7,366,92,4816,214,226,149,1584
175,2952,8,7,488,125,4953,212,227,152,5192
176,2622,95,12,484,39,1329,239,222,112,4086
177,2955,288,21,247,128,5224,156,233,215,4968
178,2837,64,9,201,23,3655,229,221,124,6341
179,3182,45,3,458,109,4723,220,234,149,1661
180,3077,129,3,618,43,6296,225,237,147,3261
181,2755,320,4,30,-1,2890,209,236,165,5468
182,3047,28,11,600,13,6414,216,215,134,3540
183,2880,86,12,30,3,4369,237,221,113,5906
184,3221,292,3,424,49,4401,212,238,165,1710
185,3182,115,10,553,10,4605,237,231,124,1768
186,3064,29,24,150,46,5051,204,182,104,2148
187,2827,332,15,42,9,3599,185,221,174,6067
188,2518,107,5,360,39,553,229,234,139,3522
189,3050,180,4,277,-3,5782,221,242,156,2721
190,3107,356,12,283,89,4855,201,219,155,2069
191,2995,173,14,268,135,6312,228,246,146,4135
192,2721,164,4,67,-2,1747,224,241,152,4191
193,3182,116,7,579,10,4425,233,233,133,1854
194,2724,132,11,60,-2,2720,238,234,124,4875
195,2515,90,9,313,39,511,233,227,125,3451
196,3017,46,22,212,52,5118,221,188,92,2352
197,3077,256,4,618,210,6230,210,242,170,3734
198,2929,338,8,190,39,4395,202,228,165,6106
199,2735,127,12,67,6,2806,240,232,120,4924
200,2893,319,20,150,43,5825,164,217,192,4667
201,3231,45,4,648,59,4173,221,229,147,1921
202,2560,89,10,218,34,731,235,224,120,3505
203,3162,43,15,484,144,4657,221,205,114,2188
204,2982,188,14,122,-2,5501,220,250,160,2750
205,2731,66,5,0,0,2826,225,230,141,4873
206,3172,50,11,759,0,4287,225,215,123,2037
207,2916,138,21,127,49,6349,247,227,98,4206
208,2890,63,17,153,35,3670,233,202,96,5757
209,2704,45,10,323,22,1323,223,219,130,3734
210,3198,23,18,604,181,4545,207,200,124,2285
211,2985,212,5,342,63,5495,215,245,166,3195
212,3011,323,21,443,161,5838,164,214,188,4910
213,3024,312,18,472,177,5785,169,224,194,4961
214,2763,7,12,85,17,2850,205,216,148,4788
215,3244,56,16,618,76,3865,229,204,104,2225
216,2955,9,10,85,10,5167,209,221,149,2819
217,3201,10,13,984,180,4136,205,213,143,2289
218,2972,36,25,30,0,5113,209,176,90,2816
219,2985,167,13,458,66,5571,230,244,144,3519
220,2539,23,17,90,15,488,207,201,125,3115
221,3001,260,8,720,134,5790,200,245,183,3903
222,2952,51,10,150,17,5123,225,218,126,2960
223,2962,211,13,255,43,5365,209,252,177,3337
224,3004,0,12,484,85,5068,202,217,152,5840
225,2727,45,4,124,21,2285,221,231,147,4245
226,3004,167,17,603,137,5798,232,244,137,4029
227,2886,22,8,285,31,3849,215,222,144,5557
228,3024,344,8,600,105,5201,203,227,163,5764
229,3034,187,14,335,148,6084,221,251,158,4921
230,2903,279,13,190,26,4179,184,241,197,5904
231,2926,245,4,30,7,5180,212,243,169,3331
232,2942,200,16,180,23,5276,212,252,170,3470
233,2991,54,13,495,65,4849,227,211,115,6214
234,2742,116,9,150,21,2475,236,231,126,4314
235,2606,356,18,67,26,911,188,205,152,3174
236,3244,326,5,750,53,3730,207,234,166,2460
237,3237,27,14,997,36,4002,213,210,130,2506
238,2616,359,24,42,15,977,176,187,142,3186
239,2913,16,11,457,58,3974,211,217,142,5568
240,2813,48,7,201,35,3018,223,225,137,4729
241,2530,149,1,319,51,234,221,238,154,2726
242,3260,45,7,503,69,3558,223,225,138,2531
243,3047,90,3,870,128,5484,224,234,146,5635
244,2955,60,20,201,33,4934,231,195,88,3248
245,2893,77,13,85,7,6012,236,215,107,4682
246,2965,38,24,247,49,4883,212,181,92,3315
247,3037,230,15,570,151,5985,196,252,191,5238
248,3027,152,10,792,108,5316,233,240,138,5912
249,2756,70,16,120,35,2501,235,208,100,4210
250,2939,325,6,510,62,4078,206,234,167,5584
251,3198,126,9,418,23,4200,235,234,130,2858
252,3195,90,7,362,20,4243,231,229,132,2880
253,2975,222,6,360,89,5719,213,245,169,4519
254,2890,84,13,30,4,5918,238,218,108,4761
255,3018,109,10,815,132,5833,238,229,121,5486
256,3010,85,5,842,85,5389,228,231,137,5975
257,3221,79,16,618,20,3968,239,210,96,2868
258,3004,135,7,811,78,5383,231,237,138,6017
259,2572,49,20,384,53,391,224,192,94,2509
260,3260,128,11,743,46,3824,238,233,125,2854
261,3168,25,4,30,0,4426,218,231,150,3180
262,2878,349,12,67,0,3489,198,220,161,4924
263,3198,9,8,301,23,4099,211,224,150,3076
264,2975,260,8,391,66,6071,200,245,183,5262
265,3178,38,10,0,0,4286,220,217,131,3248
266,2995,176,10,690,86,6068,226,246,152,5533
267,2913,144,8,210,20,5478,232,239,139,4733
268,2982,175,9,424,56,5267,225,245,153,6500
269,2945,209,12,362,36,5877,211,251,173,5354
270,2995,143,2,631,23,5459,223,238,151,6349
271,2942,0,3,0,0,4830,215,233,156,6062
272,2945,288,5,0,0,4801,205,239,173,6034
273,2959,288,8,120,14,4683,199,240,180,5920
274,2796,114,13,60,8,2599,242,226,111,3934
275,2785,315,2,60,-2,2486,214,237,161,3829
276,2784,325,17,153,33,1798,176,220,182,3198
277,2789,320,15,182,50,1771,181,225,183,3174
278,2922,162,19,240,22,5076,235,241,129,4536
279,3008,135,3,931,36,5727,224,238,150,6096
280,2978,73,10,323,49,5160,232,221,121,6368
281,2892,54,11,134,12,3178,226,217,123,4457
282,2521,45,10,42,2,408,223,218,129,2066
283,2985,72,7,497,13,5372,228,225,133,6482
284,3057,39,19,626,144,4435,217,196,107,3955
285,2829,78,9,60,8,2941,232,223,123,4187
286,3201,331,5,0,0,4002,208,234,164,3460
287,3136,329,13,789,-13,4228,187,223,175,3798
288,2548,355,14,60,7,551,197,215,155,2058
289,2962,89,9,42,3,4891,234,225,122,6046
290,2808,15,13,201,20,2431,208,213,141,3651
291,2749,87,12,516,43,1499,238,220,111,2797
292,3155,328,14,849,-19,4184,185,222,177,3871
293,2991,285,11,849,98,5939,189,240,191,6068
294,2968,108,5,306,49,4113,229,234,138,5265
295,2932,77,13,108,21,3911,236,216,108,5067
296,2808,356,7,153,3,2594,209,227,157,3757
297,2794,106,4,210,37,1888,227,234,142,3079
298,3080,24,17,659,167,4377,208,201,125,4176
299,2936,52,16,180,27,4656,227,203,105,4456
300,2913,261,10,313,10,5706,197,247,187,5517
301,2919,232,8,323,19,5728,207,248,178,5539
302,2978,257,6,85,13,4795,205,244,177,5905
303,2574,312,14,134,32,636,183,229,187,1924
304,3142,59,21,730,-32,4155,231,192,85,4070
305,2804,15,10,212,47,1917,211,219,144,3031
306,2595,9,14,42,19,799,204,212,144,2010
307,2929,232,8,366,33,5835,208,247,177,5776
308,3001,246,9,764,101,5961,201,247,184,6227
309,2812,94,7,371,56,1800,231,230,132,2872
310,2988,342,6,192,26,4805,208,231,162,5836
311,3175,59,18,612,0,4042,231,200,96,4184
312,2861,0,6,134,10,2980,211,228,155,3972
313,2804,61,7,362,10,1838,226,225,133,2825
314,3001,78,10,335,29,5320,234,221,118,6310
315,2914,141,9,277,18,3471,234,238,135,4428
316,2668,41,17,283,68,1276,219,200,110,2240
317,3185,129,12,481,10,3899,240,233,121,4273
318,2913,216,9,268,20,5713,211,249,173,5983
319,3168,72,5,418,-6,3855,226,230,138,4394
320,2955,30,9,30,3,4478,218,220,137,5370
321,2932,100,7,30,-6,4280,232,231,131,5166
322,3234,0,11,658,26,3589,204,220,153,4109
323,3201,53,7,488,26,3667,224,225,135,4255
324,2903,236,5,212,10,5656,211,244,171,6046
325,2874,352,2,400,19,2869,216,236,157,3653
326,2903,254,6,212,3,5689,206,244,176,6195
327,2800,45,12,0,0,2244,223,214,124,2958
328,3257,336,9,693,52,3443,199,227,167,4246
329,3188,278,5,210,13,3634,206,241,173,4526
330,2952,62,8,192,30,4487,227,223,130,5251
331,2932,237,16,342,36,5797,189,252,198,6409
332,3050,281,4,630,85,5540,209,240,169,6162
333,2955,285,11,212,18,4302,188,240,192,5057
334,2791,41,17,458,-18,1740,220,201,111,2294
335,3172,162,3,180,7,3632,222,240,153,4624
336,3116,69,14,297,-6,3870,234,212,107,4802
337,2895,51,10,162,0,3326,224,219,127,4002
338,3182,122,6,134,7,3510,230,235,138,4585
339,3024,81,9,218,49,4152,233,224,123,5114
340,2962,251,9,480,66,5863,201,246,183,6356
341,2978,27,4,192,13,4780,218,230,149,5502
342,2952,40,12,323,0,4558,221,213,124,5268
343,2945,348,13,255,32,3768,194,217,161,4425
344,3149,188,7,134,17,3718,221,245,159,4831
345,2833,150,15,242,23,1953,238,238,126,2407
346,3136,185,10,42,4,3623,222,248,158,4858
347,2851,49,13,268,46,2538,225,211,118,3037
348,2933,111,8,300,20,3644,234,231,129,4221
349,2810,110,6,421,0,1871,230,234,138,2178
350,3267,85,10,484,62,3194,235,223,119,4518
351,3188,30,16,85,13,3340,213,203,121,4753
352,2955,37,5,426,42,3905,220,229,145,4475
353,3001,276,9,752,103,5893,197,242,184,6012
354,3008,281,10,780,110,5864,194,241,187,5998
355,2942,28,5,391,29,3707,218,230,148,4228
356,2921,331,9,395,8,3516,200,230,169,4024
357,2985,315,5,361,20,5023,206,235,169,5570
358,2978,289,14,570,42,4480,179,238,198,5007
359,2889,51,20,362,66,2689,224,193,94,3049
360,2814,103,3,210,4,2145,225,235,145,2316
361,2938,127,9,408,107,2896,236,234,128,3239
362,2828,95,11,127,15,2467,238,224,116,2714
363,3146,95,12,240,-28,3287,239,222,112,5052
364,2977,94,8,466,12,4283,232,229,129,4676
365,3034,45,3,680,46,5544,220,234,151,5490
366,3083,61,19,192,-9,3320,233,197,90,5380
367,3044,23,5,210,-25,3481,217,228,148,5476
368,2982,90,8,242,-35,3695,232,228,129,5609
369,2901,176,15,256,49,3181,226,247,149,3360
370,2995,66,6,245,13,4770,227,227,135,5126
371,2528,151,6,108,4,598,229,240,145,390
372,3188,112,8,60,3,2880,235,231,128,5166
373,2939,243,24,400,41,5619,164,250,217,5753
374,3008,215,11,696,112,5880,209,251,176,5600
375,3021,238,9,815,125,5855,204,248,181,5543
376,2937,80,11,330,15,4094,234,221,118,4354
377,2844,317,10,67,20,2758,194,229,178,2724
378,2781,13,3,351,25,2148,216,233,154,1707
379,2945,252,18,421,47,5615,177,249,209,5686
380,2857,143,12,87,8,3111,238,237,127,3161
381,3021,53,7,258,-12,3544,224,224,134,5720
382,2919,141,3,192,3,3992,225,236,149,6047
383,2800,185,9,170,22,2382,222,246,158,2001
384,2773,151,18,350,119,1680,240,237,119,983
385,2759,144,17,300,105,1590,242,234,115,895
386,2714,117,20,242,93,1470,250,217,85,779
387,2671,109,26,175,55,1350,253,200,58,664
388,2975,126,9,120,3,4763,234,234,130,4928
389,2775,148,19,335,101,1770,242,234,113,1061
390,2746,149,18,268,92,1620,240,236,119,912
391,2743,148,19,255,89,1590,242,235,114,883
392,2717,108,16,201,79,1500,246,220,98,794
393,2751,136,14,277,77,1680,240,234,119,967
394,2739,131,14,242,75,1620,242,232,116,908
395,2733,133,16,228,79,1590,244,231,111,878
396,2716,117,15,175,62,1500,245,225,105,789
397,2611,99,14,30,2,1200,243,220,103,495
398,3073,123,11,0,0,3060,239,231,121,5654
399,3060,167,18,95,16,3251,232,244,136,5755
400,2899,120,8,162,19,3944,234,234,132,4034
401,2861,107,8,30,0,3434,234,231,129,3406
402,2853,351,3,0,0,3342,214,234,158,3287
403,2784,202,8,134,18,2429,217,247,165,1860
404,2723,127,16,190,69,1560,245,228,108,845
405,2656,110,23,85,35,1350,252,208,72,636
406,3064,194,10,30,4,3111,218,249,164,5721
407,3050,167,16,67,6,3229,231,244,140,5783
408,3004,141,13,124,3,3500,239,236,124,5934
409,2952,56,10,201,16,3736,228,218,123,6078
410,3034,68,12,362,43,5550,232,216,114,5100
411,2703,130,20,127,49,1500,248,225,97,780
412,2685,128,23,95,31,1440,251,218,81,722
413,2661,119,25,67,23,1380,253,210,70,663
414,3057,101,4,0,0,3069,226,234,144,5740
415,3050,139,13,30,-3,3127,240,235,123,5770
416,3060,342,5,495,69,5700,209,232,161,5139
417,2945,49,14,0,0,4671,225,208,114,4737
418,2704,123,18,124,40,1530,247,224,99,797
419,2676,129,24,67,22,1440,251,217,79,713
420,2621,83,14,0,0,1290,238,214,103,571
421,3060,45,13,30,3,3046,223,211,120,5768
422,2975,136,15,124,7,3543,243,232,114,6039
423,3067,21,4,518,76,5739,217,231,151,5125
424,2719,128,16,150,45,1621,244,229,109,874
425,2638,86,15,0,0,1351,241,213,98,618
426,2700,115,19,67,26,1533,249,218,90,779
427,2673,108,22,42,9,1473,251,208,72,721
428,2654,71,11,0,0,1413,233,218,115,664
429,2664,50,12,0,0,1445,225,214,122,684
430,3050,80,8,360,59,5638,231,225,127,4978
431,2858,125,8,268,7,3288,233,235,134,3034
432,2854,163,9,285,5,3246,229,243,146,2974
433,3047,56,11,95,29,3182,227,218,123,5994
434,2873,349,6,201,11,3459,210,230,159,3242
435,2680,23,12,0,0,1511,213,214,136,730
436,2676,9,14,30,2,1481,204,212,144,700
437,2678,9,15,42,7,1421,202,209,142,641
438,2839,120,9,190,23,3055,236,233,128,2612
439,2792,86,7,228,4,2862,230,229,132,2282
440,3103,74,11,201,49,2870,233,219,116,5922
441,2995,6,14,201,13,5165,202,213,146,4670
442,2702,90,1,0,0,1727,221,236,151,932
443,2991,282,8,270,32,5024,198,241,182,4582
444,3004,31,6,180,13,5222,219,228,145,4624
445,2919,117,6,150,0,3903,231,234,136,6349
446,2945,258,14,376,45,5535,186,247,199,5134
447,3054,270,1,390,63,5742,215,239,161,4830
448,2978,75,5,295,50,4847,227,230,137,4455
449,2915,81,8,0,0,4345,231,226,128,4260
450,2756,30,4,148,2,2571,218,231,149,1770
451,2717,153,4,0,0,2037,224,240,150,1230
452,2928,315,1,150,23,4194,215,237,160,4050
453,2770,95,3,258,7,2813,224,235,147,2011
454,2656,77,23,283,-23,1320,242,190,66,518
455,2750,124,5,150,9,2370,229,236,141,1565
456,2907,45,7,348,13,4041,222,225,138,3783
457,2781,65,13,40,6,3162,232,214,112,2465
458,2715,203,5,124,-1,1920,217,245,164,1120
459,2968,338,11,216,23,3426,196,225,167,6508
460,2739,130,8,134,26,2160,234,236,133,1366
461,2922,129,3,218,18,4283,225,237,147,4027
462,2792,101,6,108,29,3180,230,232,135,2442
463,3064,90,8,371,23,2822,232,228,129,6357
464,3041,243,14,513,50,5911,192,250,195,4636
465,2888,32,8,470,72,3700,219,224,141,3164
466,3080,180,1,247,39,2715,219,239,157,6347
467,2613,132,27,170,55,1260,251,215,73,558
468,2978,135,4,108,13,3247,226,238,146,6576
469,2952,353,12,0,0,4928,200,219,157,4105
470,2773,81,14,108,24,3019,238,215,106,2338
471,3057,90,8,390,16,2783,232,228,129,6452
472,3064,45,16,228,60,5623,223,203,110,4361
473,2742,172,9,268,23,2455,226,245,152,1725
474,2677,167,16,85,9,1680,231,244,140,953
475,2567,140,18,60,9,1110,244,232,110,492
476,2739,142,6,228,20,2465,229,239,143,1761
477,3001,267,14,641,101,5749,182,245,200,4570
478,3014,5,31,95,54,4950,165,164,123,3973
479,2584,343,13,150,39,812,192,219,165,480
480,2902,104,6,558,89,3643,230,233,136,3107
481,3047,155,9,424,85,2760,231,241,142,6661
482,2909,212,6,212,50,4092,215,246,168,3586
483,2910,198,5,234,51,4063,218,244,161,3556
484,3011,108,10,212,36,2912,237,229,122,6632
485,2998,68,8,124,23,2987,228,225,130,6557
486,3011,263,12,674,111,5753,189,246,196,4386
487,3008,24,12,309,36,5353,213,214,135,3950
488,3004,18,10,192,29,5232,212,219,143,3899
489,3031,81,6,513,27,5542,228,230,136,4002
490,2939,288,5,379,39,5448,207,239,171,4506
491,2949,277,12,437,49,5506,186,242,195,4469
492,3028,323,9,242,53,5079,196,230,174,3771
493,2900,315,1,90,0,5152,216,237,159,4667
494,2932,96,7,247,17,3861,232,229,129,5585
495,2909,72,5,324,5,4554,226,230,138,5006
496,2909,0,3,350,5,4582,214,233,156,4985
497,2900,180,3,300,-2,4725,220,241,156,4880
498,2867,143,12,437,114,3363,237,237,129,2963
499,3047,356,10,618,75,5664,204,222,156,3811
500,2617,15,14,30,0,1652,207,211,139,1383
501,2998,340,7,108,16,2978,205,230,163,6224
502,2962,276,7,497,47,3610,201,242,179,5658
503,2759,160,12,120,35,2782,233,242,139,2462
504,2646,9,33,60,9,1771,165,158,112,1518
505,3027,217,17,700,127,5844,201,254,185,4011
506,2963,121,13,175,0,4557,241,229,116,3360
507,2919,117,15,175,33,4375,244,225,106,3311
508,2690,343,24,120,34,1816,162,195,165,1645
509,2660,3,9,297,60,1307,207,222,152,1249
510,2955,235,21,451,55,5590,180,253,205,4074
511,2953,120,13,134,3,4518,241,229,115,3297
512,2887,124,17,95,13,4252,246,226,102,3273
513,3014,338,8,150,23,2888,202,228,165,6169
514,2995,62,11,484,17,3209,230,216,118,5849
515,2965,142,6,0,0,4778,229,239,143,3283
516,2982,47,9,437,-7,3387,223,220,131,5641
517,2739,311,10,270,80,1765,193,233,180,1742
518,2983,5,5,400,-7,3406,213,230,154,5600
519,2916,243,3,335,16,5442,213,242,166,4030
520,3047,135,3,932,141,5900,224,238,149,3591
521,2751,270,2,0,0,3068,214,239,163,2912
522,2690,318,7,514,78,967,202,234,171,1310
523,2599,89,10,30,-1,558,235,224,120,1233
524,2919,264,7,408,19,5490,202,244,181,3945
525,2975,253,12,616,59,5780,193,248,193,3739
526,2617,83,9,127,16,573,233,224,122,1290
527,2574,92,7,0,0,408,232,229,129,1318
528,2939,19,11,60,7,3980,212,217,141,5016
529,2915,45,10,60,0,4397,223,218,129,3018
530,2765,41,5,0,0,3263,221,229,144,3107
531,2784,348,13,170,37,2758,194,217,161,2687
532,2850,108,22,42,14,3976,251,210,76,2971
533,2919,236,7,350,16,5470,208,246,176,3853
534,2995,233,14,638,89,5932,196,252,191,3487
535,2817,32,15,390,74,2561,216,207,124,2613
536,2932,18,2,485,13,4326,217,234,154,4597
537,2826,11,7,366,73,2650,213,225,150,2704
538,2795,47,10,451,95,2260,224,219,129,2389
539,2760,62,5,547,66,1842,224,230,142,2079
540,2700,76,8,433,-15,1124,231,224,126,1691
541,3001,238,9,592,92,5966,204,248,181,3379
542,2699,165,3,390,2,908,222,240,154,1670
543,2730,79,6,270,14,1353,229,229,135,1883
544,2655,82,8,384,104,607,232,225,126,1634
545,2645,46,14,319,93,518,224,209,116,1624
546,2998,252,12,553,89,5940,193,248,193,3271
547,2854,28,8,446,99,2791,217,223,141,2912
548,2809,63,8,458,36,2249,228,223,128,2486
549,2633,94,19,258,82,454,246,208,84,1651
550,2588,152,10,182,47,277,233,240,138,1654
551,2811,84,10,433,38,2250,234,224,121,2506
552,2926,208,15,300,20,5633,208,253,176,3446
553,2839,71,14,488,66,2370,235,213,107,2616
554,2689,179,11,210,2,932,225,247,153,1851
555,3015,66,19,335,22,3777,235,199,88,4847
556,2995,62,14,362,5,3836,231,211,109,4795
557,2938,159,7,285,22,4891,228,242,146,2656
558,2929,130,8,150,17,4651,233,236,135,2590
559,2851,107,11,458,78,2402,238,227,119,2698
560,2949,122,14,379,29,5131,242,229,113,2714
561,2596,33,14,335,66,150,216,209,125,1321
562,2938,45,8,306,26,4602,223,222,134,4080
563,2805,44,17,170,32,1902,222,200,108,2436
564,3074,52,9,42,4,3105,225,221,130,5353
565,2932,54,16,283,119,3578,228,203,104,2418
566,2868,29,20,95,33,3369,209,192,112,2468
567,2864,128,8,451,63,2741,234,235,133,2713
568,2946,352,14,170,34,4298,195,216,158,2352
569,3021,25,12,564,21,3847,213,213,134,4662
570,3018,49,14,631,22,3936,225,208,114,4569
571,2863,193,6,390,62,2869,220,245,161,2577
572,2978,156,6,524,61,5532,228,241,147,2688
573,2945,61,12,324,110,3561,230,215,116,2278
574,2618,7,18,170,47,458,196,202,140,1866
575,2968,120,9,365,51,5386,236,232,127,2557
576,2734,93,5,277,16,1645,228,232,138,2445
577,2728,83,11,277,19,1587,236,220,114,2416
578,2762,190,5,30,-3,1972,220,244,159,2647
579,2922,270,5,120,9,4843,207,241,173,3582
580,2926,61,11,90,9,5123,229,218,121,2375
581,2962,346,6,518,45,5549,208,231,160,2514
582,2624,183,27,60,22,1195,215,245,145,2374
583,2917,107,5,210,33,3413,229,234,139,2127
584,2644,345,3,85,-4,511,214,235,159,1426
585,2645,45,4,134,-3,467,221,230,145,1368
586,3024,24,16,297,26,4116,210,204,127,4161
587,2651,40,14,242,4,641,220,208,119,1783
588,2936,231,7,285,30,5773,210,246,174,2571
589,2813,127,14,60,12,2845,243,230,112,2313
590,2617,344,19,28,6,1307,178,206,165,2506
591,2952,281,5,212,33,4824,206,240,173,2022
592,2968,286,17,283,41,4735,171,237,206,1992
593,2992,228,6,458,79,4439,211,246,172,1919
594,2976,124,9,277,39,4173,235,234,129,1891
595,2796,131,9,0,0,2794,235,235,132,2323
596,2955,311,9,421,49,5660,196,234,177,2428
597,2917,175,13,30,0,3707,227,247,149,1907
598,2821,72,20,90,20,2889,238,198,82,2247
599,2794,179,20,124,29,2629,224,247,147,2408
600,2661,266,4,67,4,631,210,241,169,1499
601,2793,119,17,30,-2,2810,247,222,97,2274
602,2976,315,19,319,58,4779,165,220,194,1917
603,2807,115,21,85,11,2876,251,214,81,2215
604,3109,87,13,446,16,3469,239,218,108,4669
605,3109,53,7,362,42,3774,224,224,134,4310
606,2792,109,19,67,8,2856,249,214,85,2208
607,2775,121,16,30,-3,2799,246,225,103,2244
608,3113,14,13,376,23,3684,207,213,141,4380
609,2919,341,9,467,3,4830,202,228,164,3187
610,2757,129,12,0,0,2751,240,232,120,2259
611,2952,41,14,335,13,4604,221,208,119,3375
612,2764,91,15,42,7,2789,242,216,100,2216
613,2753,109,19,60,-3,2771,248,218,88,2213
614,2744,120,19,30,1,2742,248,222,94,2232
615,2736,138,18,2,0,2714,244,231,109,2252
616,2954,156,10,301,79,4308,232,242,141,1657
617,2662,138,23,30,8,2173,248,225,93,2588
618,2988,69,14,228,3,4298,234,211,106,3596
619,2965,72,14,361,6,4509,235,212,105,3383
620,2663,118,21,30,11,2214,250,217,84,2546
621,2600,64,10,247,33,277,230,219,122,1195
622,2942,71,16,499,3,4656,236,208,99,3211
623,2718,90,18,30,-2,2719,244,209,87,2205
624,2695,168,19,30,0,2608,231,244,135,2291
625,2669,31,3,342,17,696,219,233,151,1559
626,2753,103,20,108,24,2813,249,210,80,2123
627,2721,101,18,42,13,2730,247,213,88,2185
628,2687,142,10,0,0,2592,235,238,132,2293
629,2677,119,5,0,0,2483,228,235,141,2352
630,2610,135,6,272,13,323,230,237,141,1256
631,2706,137,18,60,-1,2714,245,230,106,2185
632,2709,323,24,125,59,2125,153,208,191,2563
633,2676,66,3,391,24,883,222,233,147,1745
634,3201,70,8,331,59,2908,229,225,129,5058
635,2688,120,7,30,3,2644,232,235,136,2227
636,2685,11,2,30,4,2617,217,234,155,2241
637,2684,347,6,0,0,2630,208,230,160,2215
638,2714,329,25,127,45,2207,153,202,184,2479
639,2766,38,5,85,-3,1813,220,228,144,2800
640,2695,101,10,0,0,2778,237,227,120,2101
641,2690,35,6,0,0,2751,219,227,144,2123
642,2769,7,9,67,0,1832,209,222,150,2780
643,2795,126,24,153,23,3259,252,215,76,1742
644,2740,332,27,175,70,2239,146,194,181,2432
645,3009,238,6,446,42,5071,207,246,177,1631
646,2964,84,19,124,32,4607,243,204,83,1434
647,2783,332,30,255,114,2180,138,188,181,2467
648,2781,56,9,190,5,1987,226,222,130,2630
649,2775,40,8,134,0,1940,221,223,137,2673
650,2781,39,3,60,11,1871,220,232,149,2739
651,2593,7,8,85,-5,335,211,225,150,1279
652,3149,120,13,150,33,3438,242,229,114,4269
653,3044,345,5,342,20,4119,209,231,160,3538
654,2919,76,4,228,6,4914,225,232,143,2754
655,2786,52,11,182,10,2005,226,216,123,2609
656,2780,13,9,124,4,1959,212,223,148,2652
657,2780,350,9,95,4,1936,203,224,160,2674
658,2872,79,9,0,0,4336,232,224,124,1323
659,2796,27,2,240,20,2071,218,234,153,2546
660,2790,54,10,180,14,2024,226,218,125,2588
661,2769,105,11,95,12,1663,238,227,119,2869
662,2719,48,7,361,33,1290,223,224,136,2177
663,2763,357,23,201,66,2728,177,192,147,2032
664,3011,73,9,659,7,4341,231,223,124,3215
665,2955,65,13,481,42,4590,232,214,112,2967
666,3149,135,7,67,7,3282,231,237,138,4310
667,2808,112,9,0,0,4034,235,231,127,1230
668,2811,352,13,228,35,2145,198,218,158,2464
669,3205,60,5,570,63,2797,224,229,140,4817
670,2892,48,23,150,51,4337,222,183,85,1142
671,2922,293,15,283,6,5205,179,236,197,2218
672,2828,352,23,424,143,2556,174,194,154,2086
673,2598,327,7,30,0,582,204,233,168,1482
674,2972,348,10,402,7,4565,201,223,161,2880
675,2834,348,26,430,139,2647,163,188,157,2005
676,2810,42,14,300,64,1666,222,209,120,2620
677,2684,141,17,30,-1,1107,243,233,113,2047
678,2613,39,8,42,4,685,221,219,133,1626
679,2647,234,2,323,18,726,216,241,162,1299
680,2667,95,9,541,13,691,234,227,124,1293
681,2942,305,8,379,13,5232,198,236,177,2110
682,2971,340,15,85,18,4734,187,217,168,1131
683,2822,308,5,234,66,1758,205,237,171,2765
684,2661,60,11,30,-6,1045,229,216,119,1996
685,2687,338,11,437,34,792,198,226,167,1350
686,3103,85,8,524,-5,3805,232,227,128,3589
687,3034,50,22,531,16,4252,224,186,86,3131
688,2682,28,19,60,6,1110,209,194,115,2060
689,2876,343,22,532,181,2742,171,201,165,1894
690,2803,358,6,433,50,1718,210,228,156,2630
691,2958,39,25,351,134,4440,211,176,87,932
692,2890,20,16,430,182,2954,208,205,131,1723
693,2707,5,18,42,6,1242,195,203,143,2190
694,2706,9,21,108,14,1172,192,194,134,2123
695,2702,27,22,120,21,1149,205,188,111,2101
696,2686,29,22,95,36,1082,205,184,106,2036
697,2727,52,17,0,0,1332,226,202,103,2278
698,2720,36,17,30,0,1308,217,201,114,2255
699,2733,44,13,30,-1,1350,222,210,120,2297
700,2724,349,15,67,4,1302,191,213,160,2252
701,2619,13,4,42,3,819,215,231,152,1691
702,3195,83,11,366,53,2952,235,221,116,4401
703,3139,106,6,531,13,3599,230,232,135,3690
704,2929,44,16,591,65,2698,222,204,112,1909
705,2849,293,22,120,44,2115,154,229,213,2646
706,2733,90,5,60,-1,1364,227,232,139,2315
707,2803,333,20,182,56,3721,170,210,177,1124
708,2931,4,12,579,215,3018,204,218,150,1621
709,2871,80,14,228,47,2385,238,215,105,2271
710,2737,99,13,30,-5,1406,241,221,108,2357
711,2730,133,1,60,-9,1383,220,238,155,2335
712,2653,332,13,190,42,900,190,224,173,1722
713,2655,21,13,741,45,630,211,212,135,1652
714,2659,332,13,201,43,930,190,224,173,1749
715,2665,0,10,190,32,930,206,222,154,1728
716,2871,92,32,218,97,4173,249,174,28,792
717,2988,217,7,446,72,5467,213,247,171,1437
718,2920,316,29,433,186,3511,133,202,203,1265
719,2718,63,17,242,78,1142,233,204,98,2082
720,2682,66,8,547,15,812,228,225,131,1702
721,2662,324,6,616,52,543,205,233,168,1765
722,3096,49,14,242,26,4180,225,208,114,2984
723,2975,38,11,633,245,3282,220,216,129,1381
724,2653,93,12,511,43,424,239,222,111,1833
725,2876,314,26,295,121,3746,142,210,203,1074
726,2969,35,4,531,99,2930,219,231,148,1679
727,2662,119,10,531,52,481,237,232,125,1841
728,2919,108,7,87,3,5022,232,232,133,1841
729,2738,270,13,30,7,1506,188,244,195,2461
730,2673,27,23,30,11,1113,204,183,106,1800
731,2696,276,11,120,29,1167,190,242,192,1776
732,2694,56,14,480,27,866,228,211,113,1782
733,3024,56,17,67,6,4397,229,203,101,2584
734,2986,174,18,234,17,4805,228,246,142,644
735,2860,332,5,485,104,1964,209,234,163,2905
736,2690,40,11,495,-20,800,221,215,127,1820
737,2987,169,17,390,43,4629,230,245,139,547
738,2787,96,17,218,32,1767,245,214,93,2718
739,2934,299,25,418,171,3736,141,221,216,1044
740,2712,304,7,190,45,1146,201,237,175,1862
741,2954,160,13,388,51,3012,233,242,137,1608
742,2750,68,7,30,1,1676,227,226,133,2631
743,3044,57,16,108,-5,4295,229,206,105,2589
744,2719,52,10,371,8,812,226,218,125,1935
745,2764,76,6,323,32,1437,229,227,131,2372
746,3034,61,17,212,-9,4325,231,202,98,2491
747,2753,230,14,175,40,1398,197,252,190,2315
748,3109,26,7,30,-3,3947,217,225,144,2962
749,2936,100,13,300,20,4687,242,221,107,2012
750,2875,331,15,277,43,2506,184,221,176,2402
751,2878,273,20,134,61,4085,164,241,215,738
752,2856,66,14,371,36,2086,233,211,108,2905
753,2976,211,7,509,45,3599,215,247,168,1022
754,2747,9,6,150,22,1380,214,228,152,2182
755,2703,47,8,319,1,666,223,223,134,1813
756,3073,99,20,216,-12,4133,248,209,80,2624
757,2932,93,9,124,16,4860,235,226,123,342
758,2889,323,24,277,43,2605,152,208,191,2315
759,3146,85,9,192,33,3755,233,225,124,3099
760,2651,64,9,127,3,335,229,221,125,1559
761,2942,170,12,323,-45,4552,229,245,147,2049
762,2534,108,2,247,13,234,221,237,151,1395
763,2774,10,7,306,39,1691,213,227,151,2621
764,2732,43,9,0,0,1566,222,220,132,2455
765,2916,228,12,67,7,4975,202,251,185,1507
766,2744,118,18,42,13,1531,248,221,95,2334
767,2711,171,6,108,9,845,224,243,153,1803
768,3021,68,8,201,26,4134,228,225,130,2493
769,3032,87,12,277,71,5328,238,219,109,671
770,2904,53,26,28,9,4975,224,176,71,256
771,2866,122,6,242,46,2335,230,235,138,2730
772,2539,24,6,120,-3,446,217,226,146,1208
773,2895,357,13,60,10,4236,198,215,154,514
774,2903,146,10,443,42,2766,234,239,135,2219
775,3086,123,10,319,36,3684,237,233,127,2970
776,3083,45,5,256,49,3776,220,229,143,2850
777,2924,9,6,255,50,3095,213,227,152,1855
778,2740,56,15,162,10,1442,229,207,107,2151
779,3109,60,16,319,55,3599,231,206,103,3031
780,2935,7,16,67,22,4198,199,207,143,457
781,2914,104,4,391,41,2989,226,234,143,1995
782,2686,45,2,0,0,616,221,234,150,1383
783,2564,44,18,67,21,680,221,199,106,1052
784,3010,201,16,484,159,5519,211,253,173,760
785,2753,111,6,90,-3,1897,230,234,137,2791
786,2719,6,5,67,-3,1194,214,230,154,1848
787,2699,45,1,60,4,834,219,236,154,1510
788,2925,82,5,424,50,3066,227,231,138,1948
789,2821,102,13,242,60,2134,240,223,110,3013
790,2754,101,11,85,19,1588,239,225,115,2148
791,2693,5,12,120,0,828,205,217,149,1383
792,2674,344,7,234,-2,624,206,229,162,1116
793,3178,83,6,306,46,3209,228,230,137,3398
794,2826,76,13,234,55,2174,236,216,109,2970
795,2725,95,8,0,0,1490,233,229,128,2024
796,2961,97,20,150,47,3636,248,206,76,1218
797,2939,88,7,342,57,3234,231,228,129,1812
798,2761,181,10,42,4,2117,223,247,156,3019
799,2764,148,6,175,20,1816,229,237,144,2307
800,2970,322,22,361,158,4671,160,213,190,258
801,2992,355,8,67,0,4095,207,226,157,589
802,2525,80,7,67,-8,706,229,228,133,916
803,2750,60,4,0,0,2154,223,231,144,2976
804,2742,345,7,30,2,1597,206,229,161,2033
805,2695,15,7,285,1,819,214,225,148,1104
806,2993,346,10,300,16,4663,201,225,162,173
807,2972,0,16,210,20,4200,195,209,150,2112
808,2931,30,14,391,50,3078,215,209,128,2093
809,2868,188,2,108,14,2616,218,240,157,2470
810,2976,252,3,212,95,5365,213,241,166,900
811,2926,67,12,324,45,3055,232,217,116,2093
812,2853,293,9,42,9,2755,195,238,183,2329
813,2719,126,11,277,-10,1092,238,233,123,1302
814,2624,109,14,127,14,911,244,223,105,655
815,2985,90,9,295,53,4375,234,226,123,1900
816,2909,77,10,120,6,4759,233,221,119,1499
817,2911,130,30,108,52,5485,252,207,60,811
818,2780,357,14,85,13,2335,197,213,153,2952
819,2854,338,7,0,0,5493,205,230,164,703
820,2856,2,14,0,0,5468,200,214,150,684
821,2997,315,5,30,1,4248,206,236,168,573
822,3152,65,9,120,13,2928,229,222,126,3526
823,2945,76,10,175,42,4540,233,220,118,1717
824,2821,63,14,30,-4,2496,232,209,108,2704
825,3002,166,4,258,22,4690,223,241,153,120
826,3030,81,14,85,22,4414,238,215,106,408
827,3041,125,13,323,76,3971,242,230,115,2308
828,2878,339,20,30,15,5493,175,208,170,872
829,2771,51,12,120,7,1528,226,214,120,1652
830,2733,89,15,582,20,1092,242,214,98,900
831,3159,62,15,150,20,2881,231,209,106,3518
832,3123,94,12,342,33,3544,238,222,113,2758
833,2673,69,14,240,56,1084,234,211,106,553
834,2787,99,9,30,2,1964,235,228,125,2136
835,2544,86,7,247,-16,1020,230,229,132,531
836,3162,55,10,190,23,2871,226,217,126,3501
837,2998,151,24,124,39,4140,242,231,105,2117
838,2972,37,7,90,16,4242,220,224,139,920
839,2859,113,5,42,-1,2881,230,234,138,2250
840,2851,43,17,253,37,2599,221,201,110,2771
841,2601,48,11,162,-18,1243,224,216,124,342
842,2814,5,9,201,48,1829,209,223,152,1884
843,3025,96,7,234,17,4437,232,229,129,726
844,2955,3,13,42,3,4224,201,214,149,2039
845,2869,325,15,120,13,2898,181,222,180,2310
846,3067,133,11,242,43,3491,237,235,127,2771
847,2905,248,3,95,11,4859,214,241,165,1490
848,3001,17,6,323,43,3929,215,228,150,1371
849,2712,72,12,391,89,1351,233,217,115,560
850,3050,72,10,124,26,3538,231,221,122,2719
851,2883,37,10,0,0,5639,220,219,133,1040
852,2962,108,9,150,4,3840,236,230,125,1320
853,2762,357,9,658,1,1529,207,225,156,900
854,3041,144,12,60,4,3476,237,238,129,2781
855,2984,132,11,153,26,3967,238,234,124,1245
856,3090,131,14,124,46,3270,242,231,115,2986
857,3008,356,16,42,7,3719,192,209,153,2549
858,2900,66,16,42,6,5655,234,205,97,1116
859,3014,234,21,285,115,5432,180,253,205,834
860,2898,254,7,30,6,4917,204,245,179,1552
861,2898,114,3,60,4,4948,224,236,147,1533
862,2834,32,15,247,36,1897,216,207,124,1561
863,2780,96,5,582,21,1616,228,233,139,902
864,2896,276,7,30,5,4911,201,242,179,1575
865,2898,352,3,60,6,4941,214,233,158,1556
866,2838,322,14,85,22,2379,183,225,182,2252
867,2802,91,11,540,18,1699,237,223,115,1084
868,2891,292,8,0,0,4875,197,239,182,1617
869,2902,342,3,67,4,4963,213,235,159,1560
870,2853,39,10,350,55,2109,221,219,132,1834
871,3025,194,15,342,112,5307,217,251,164,1396
872,2960,104,20,150,41,3479,249,211,82,1663
873,2932,115,15,85,19,3432,245,223,104,1734
874,2896,351,8,30,3,4803,206,227,159,1702
875,2905,353,8,42,-3,4979,206,226,158,1590
876,2921,258,20,108,8,5066,168,247,215,1539
877,3046,335,15,132,31,4530,185,218,172,1055
878,2752,68,11,418,65,1684,232,218,118,626
879,2904,9,13,30,5,4855,205,213,144,1687
880,2906,87,10,212,42,3068,236,223,118,2513
881,2756,81,10,420,5,1717,234,222,118,664
882,2666,63,14,212,19,1176,232,211,109,228
883,2654,78,11,272,7,1116,234,220,116,258
884,2975,354,40,474,0,4118,126,141,132,2250
885,3131,318,13,618,85,5272,185,228,183,872
886,2913,321,16,95,14,4784,178,223,184,1769
887,2908,198,2,30,1,4954,218,240,158,1689
888,2910,266,4,40,2,4983,210,241,169,1673
889,2770,68,3,330,11,1820,222,234,148,808
890,2914,113,11,0,0,4889,239,229,119,1747
891,2905,329,1,30,-3,4948,215,237,159,1714
892,2917,280,11,110,4,5037,191,241,190,1667
893,2924,270,10,134,11,5066,194,244,189,1652
894,2987,236,21,365,74,5302,178,253,207,1537
895,2999,347,13,150,21,4146,195,218,162,966
896,2878,290,12,218,55,2525,187,238,191,2244
897,2915,297,5,108,1,4736,205,238,172,1860
898,2918,310,11,124,10,5031,191,233,182,1693
899,2925,205,5,175,12,5090,217,244,164,1664
900,2942,5,11,60,3,3542,206,219,150,1745
901,2918,8,6,85,3,4731,212,226,152,1884
902,2931,267,16,242,18,5144,178,245,205,1664
903,2997,351,6,42,-2,3827,210,230,159,1302
904,3037,346,13,418,0,3667,195,219,162,2696
905,2929,75,15,95,14,4696,237,212,103,1926
906,3174,350,13,700,66,5370,195,217,160,1050
907,3082,79,2,212,32,4669,222,234,148,816
908,2841,96,5,295,57,2174,229,233,139,1558
909,2928,294,6,216,21,5075,204,239,174,1744
910,2939,288,10,268,26,5134,193,239,186,1718
911,3103,356,12,134,10,3071,201,219,155,3237
912,3096,73,11,192,13,3187,233,218,115,3133
913,3064,59,8,319,0,3362,227,223,130,2980
914,2917,50,11,30,2,4745,225,217,125,1939
915,2920,295,9,42,5,4833,195,238,182,1889
916,2935,32,12,162,26,4981,217,212,131,1812
917,3129,38,11,190,36,2802,220,216,129,3489
918,2924,53,14,0,0,4740,227,210,113,1964
919,2929,302,16,85,14,4858,172,230,198,1899
920,2936,22,11,201,27,5006,213,216,138,1825
921,2938,0,5,277,29,5095,213,231,156,1785
922,3004,273,14,301,93,5754,181,243,201,1237
923,3168,203,6,700,60,5459,217,246,164,1140
924,3130,110,12,421,51,5271,240,227,115,1172
925,2775,191,9,132,-11,2081,220,247,161,1140
926,2744,81,11,170,25,1702,235,219,114,642
927,2698,71,14,30,8,1554,235,211,104,564
928,2926,68,11,0,0,4735,232,218,118,1989
929,2941,16,8,216,26,5002,214,224,147,1852
930,2942,350,9,242,33,5032,203,224,160,1838
931,3112,133,12,210,33,5128,239,234,122,999
932,2931,114,6,30,4,4701,232,233,135,2030
933,2944,0,10,218,9,4998,205,221,153,1878
934,2948,1,15,277,39,5057,198,211,150,1852
935,3038,13,9,376,58,4524,211,221,147,641
936,2953,13,18,182,18,4964,199,199,133,1919
937,2954,344,16,242,19,5024,185,213,165,1892
938,2959,358,16,361,24,5143,192,207,151,1804
939,2980,66,15,175,-20,3896,233,209,104,1369
940,2749,169,4,30,-2,1895,222,241,154,828
941,2943,282,13,60,8,4841,184,241,196,2002
942,2969,2,17,330,34,5109,194,206,147,1847
943,3156,84,16,458,49,5416,241,211,95,1195
944,3060,95,22,452,136,4272,249,201,69,2359
945,2976,348,13,300,41,5076,194,217,161,1889
946,2948,79,15,120,24,5493,239,211,99,1608
947,2851,323,11,170,5,2910,191,228,177,2518
948,2937,325,4,30,1,4774,210,235,163,2084
949,3104,50,11,148,11,5205,225,215,123,882
950,2752,75,5,30,-1,2030,226,231,140,976
951,2666,134,12,42,1,1350,239,234,123,690
952,2955,26,8,124,5,4592,216,222,142,2205
953,2953,17,9,67,3,4651,214,222,144,2172
954,3129,44,13,722,65,3606,222,211,121,2896
955,2996,34,11,400,61,5155,219,216,132,1889
956,2859,125,18,127,28,2738,247,225,100,2173
957,2979,265,10,242,44,4973,194,245,190,2037
958,2955,86,9,258,41,3580,234,225,122,2142
959,2948,310,8,60,0,4761,197,234,177,2188
960,3146,84,7,306,38,5464,231,227,129,1036
961,2683,98,18,67,14,1418,246,213,89,812
962,3159,346,12,642,102,3833,196,220,163,2779
963,2952,54,4,85,0,4609,222,231,144,2290
964,2950,328,9,30,8,4729,198,230,171,2229
965,2953,323,9,60,8,4759,197,231,173,2215
966,2861,164,9,180,30,2863,228,243,147,2290
967,3165,343,13,649,72,3353,192,219,165,3158
968,2952,27,5,67,0,4607,218,228,147,2315
969,2954,38,5,30,6,4666,220,230,144,2285
970,2952,280,4,30,4,4726,208,240,170,2255
971,2957,270,5,60,15,4756,206,242,174,2241
972,2957,255,3,90,12,4786,213,241,166,2227
973,3188,101,8,547,95,3022,233,228,129,3439
974,2955,27,8,42,-3,4604,217,223,142,2341
975,2951,86,2,0,0,4694,222,235,149,2296
976,3111,98,8,90,3,5369,234,228,126,808
977,2952,55,4,30,0,4692,222,231,145,2320
978,2953,270,1,42,2,4722,216,238,160,2308
979,3121,316,16,127,20,5219,176,225,188,577
980,2855,54,19,180,45,2635,227,196,94,1765
981,2746,43,16,60,-1,1753,221,204,113,1008
982,3124,109,11,218,16,5498,240,227,116,900
983,2963,300,8,201,21,4867,199,237,178,2249
984,3112,338,8,95,5,5344,202,228,165,664
985,2926,18,10,242,41,3336,212,219,143,2648
986,2811,114,8,330,44,2345,235,232,129,1400
987,2656,72,15,182,21,1180,236,209,101,1006
988,3064,117,20,134,49,4812,250,218,87,277
989,3014,326,9,30,5,4635,198,230,172,541
990,2917,317,12,108,10,3522,188,230,181,2435
991,3031,234,11,295,94,5883,202,250,185,1774
992,3138,313,13,216,31,5347,186,230,184,553
993,3098,112,9,272,33,4990,234,231,127,120
994,3032,349,10,127,21,4635,202,224,160,612
995,2982,10,18,30,7,4562,197,200,136,2538
996,3032,339,14,95,23,4710,189,219,169,518
997,2896,72,16,319,44,3294,236,208,98,2726
998,2846,135,2,0,0,3056,222,238,153,2349
999,2995,39,18,0,0,4472,218,198,109,2609
1000,2795,144,11,258,16,2280,236,238,132,1471
1001,2955,141,10,124,8,5251,236,237,131,2147
1002,3132,48,7,324,25,5622,223,225,138,841
1003,3241,202,12,277,50,3571,214,251,169,3204
1004,3057,86,20,42,13,4290,244,203,79,2779
1005,2977,95,10,309,18,4830,236,225,120,2447
1006,2976,87,8,210,31,4012,232,227,127,1920
1007,2755,45,9,108,0,1740,223,220,131,1290
1008,3160,209,10,295,60,5301,213,249,171,277
1009,2954,45,9,67,9,3925,223,220,132,2071
1010,2780,352,2,30,1,2070,216,236,157,1451
1011,2940,90,4,30,0,5370,226,233,143,2188
1012,2943,169,1,60,-2,5460,220,239,156,2147
1013,3099,290,21,606,160,6120,156,232,214,1533
1014,2895,327,15,212,55,3140,182,222,179,2313
1015,2779,15,7,0,0,1980,214,225,148,1436
1016,2595,37,18,218,51,930,216,197,110,1357
1017,2951,112,7,60,9,5280,232,233,133,2259
1018,3005,259,16,324,60,5790,179,247,206,1864
1019,3035,352,7,42,2,4744,208,229,158,789
1020,3113,77,16,30,10,4141,239,210,95,2987
1021,3083,357,20,127,39,4411,184,199,149,2843
1022,3049,268,18,537,113,6001,172,244,210,1660
1023,3144,62,4,313,44,5431,223,232,145,378
1024,3049,241,2,469,29,4578,214,241,164,1273
1025,3170,14,12,524,63,5752,208,214,141,808
1026,3054,63,5,323,30,4696,225,229,139,1071
1027,3052,311,14,85,11,4849,182,230,187,816
1028,2977,346,10,210,29,4012,200,223,162,2143
1029,2827,71,19,124,25,2586,237,201,88,1894
1030,2801,8,15,108,19,2018,202,209,143,1584
1031,2653,89,20,417,109,1095,245,204,79,1465
1032,3185,169,8,42,-2,3724,226,244,151,3308
1033,3105,350,7,90,12,5245,208,228,159,285
1034,2922,103,18,182,46,3726,247,214,89,2624
1035,2979,87,5,120,25,5134,227,232,140,2490
1036,3167,15,7,408,29,5600,214,226,149,541
1037,2898,196,6,350,65,3013,219,245,162,2252
1038,3157,240,11,830,50,6131,198,250,188,1245
1039,2814,355,13,95,18,2359,199,218,156,1848
1040,3221,135,2,371,30,3284,222,238,151,3693
1041,3073,78,8,330,38,4870,231,226,128,1092
1042,3013,77,25,277,46,4841,242,186,60,2755
1043,2959,239,8,30,1,5352,205,247,180,2353
1044,2978,261,17,277,16,5803,177,247,207,1921
1045,2876,116,9,162,28,2862,236,231,126,2334
1046,3166,230,7,771,22,6155,209,245,175,1167
1047,2763,83,14,430,13,1652,239,215,104,1727
1048,2965,352,3,180,3,5718,214,233,158,2023
1049,3025,62,16,484,58,4821,232,205,101,1398
1050,2683,89,13,190,13,1194,240,218,106,1790
1051,2865,180,11,95,12,2878,224,247,154,2483
1052,2980,59,8,212,13,4688,227,223,130,1682
1053,2861,159,7,124,11,2967,228,242,146,2588
1054,2679,66,11,108,9,1235,231,217,117,1879
1055,3137,247,7,702,130,6238,205,246,179,1437
1056,2970,73,13,150,3,4710,235,213,107,1733
1057,2928,346,12,0,0,3919,196,220,163,2534
1058,2975,108,1,30,0,5530,220,237,155,2287
1059,2986,295,10,190,8,5819,193,238,185,1950
1060,2717,72,12,85,9,1437,233,217,114,1982
1061,3157,146,5,216,12,5758,226,239,146,811
1062,2978,315,6,67,-2,5374,205,235,170,2458
1063,2954,53,7,42,0,4195,224,224,134,2262
1064,3105,341,14,127,10,5434,191,219,167,1129
1065,3109,261,12,659,102,6110,189,246,195,1524
1066,3107,293,5,182,12,5568,205,239,173,1132
1067,2958,34,7,30,0,4424,218,224,141,2067
1068,2668,64,13,162,-24,1170,232,213,111,2185
1069,3114,283,6,240,19,5584,203,240,177,1199
1070,3001,57,18,180,28,4673,229,200,97,1864
1071,2963,53,9,0,0,4461,226,220,128,2058
1072,3005,301,1,42,0,5564,215,238,161,2125
1073,3008,117,3,30,2,5128,225,236,146,2644
1074,3118,176,13,426,23,5302,226,247,150,1429
1075,3020,20,18,300,78,3893,204,198,126,2590
1076,2946,309,23,210,74,2960,151,218,204,2536
1077,2893,127,9,175,20,2110,236,234,128,2496
1078,3106,50,7,485,11,5371,224,225,136,1473
1079,2942,356,7,67,13,3427,209,227,157,2596
1080,2941,32,4,108,12,3369,219,230,147,2574
1081,3066,179,12,283,36,4918,225,247,153,1803
1082,3052,115,14,127,32,4710,243,224,109,1956
1083,3183,37,14,560,89,5686,219,207,121,1405
1084,3014,101,8,30,4,5242,233,230,129,2413
1085,3048,260,11,258,24,5648,194,246,190,1973
1086,2960,84,10,30,5,3660,234,224,121,2579
1087,2929,282,12,134,41,2984,188,241,193,2321
1088,3042,274,8,201,17,5586,200,242,182,2036
1089,2908,14,12,124,8,1908,209,216,143,2190
1090,2881,59,12,228,10,1679,229,214,116,2258
1091,2888,55,9,234,9,1698,226,221,128,2220
1092,2782,42,6,443,-15,907,221,227,142,2634
1093,3246,80,7,680,98,6019,229,228,133,1565
1094,3218,111,8,558,70,5840,234,231,129,1589
1095,3145,245,16,446,84,5928,185,251,202,1812
1096,2976,30,10,30,9,3863,216,215,133,2508
1097,3184,109,10,402,36,5683,238,229,121,1710
1098,2788,77,9,524,71,778,232,223,122,2554
1099,3035,98,16,192,25,4153,244,218,97,2616
1100,3002,358,7,30,4,3907,209,227,156,2405
1101,2944,111,8,210,15,1965,234,231,129,1871
1102,2789,57,8,400,56,702,226,223,131,2484
1103,3079,57,8,0,0,5014,226,221,132,2140
1104,3112,63,23,408,97,4563,233,186,72,3084
1105,3061,276,5,42,1,5532,207,241,173,2207
1106,3017,17,11,108,14,3873,211,218,142,2317
1107,2808,139,14,300,6,849,241,235,120,2275
1108,3289,251,10,812,141,6297,198,247,187,1958
1109,2943,82,3,30,-1,2130,224,233,144,1634
1110,2904,137,10,108,0,1380,236,236,130,1883
1111,3152,69,11,60,4,5490,232,218,117,2164
1112,3221,226,13,607,151,6040,201,252,186,2136
1113,3027,18,5,242,4,3211,216,229,150,1732
1114,2813,117,13,90,11,964,241,228,114,2038
1115,3105,66,8,297,30,4569,229,224,128,3055
1116,3226,41,15,531,49,4076,221,206,117,3571
1117,2952,0,4,30,2,2046,214,232,156,1471
1118,3168,250,18,430,98,5850,179,250,207,2285
1119,3173,58,16,212,25,5523,230,206,104,2300
1120,3156,30,11,210,8,5433,216,215,133,2325
1121,3038,40,7,218,26,3275,221,224,138,1689
1122,2869,62,15,192,25,1369,231,208,106,1674
1123,2747,4,13,95,12,484,202,214,149,2347
1124,2722,8,19,134,17,228,194,198,137,2596
1125,3079,0,6,283,14,5167,212,229,155,2646
1126,3121,55,10,85,-1,4897,226,219,126,2617
1127,3171,215,13,499,94,5921,207,252,179,2372
1128,3007,16,7,297,5,2690,214,226,148,1302
1129,3080,313,16,150,22,4795,176,226,189,2930
1130,3215,41,10,408,67,5622,221,219,132,2454
1131,3102,95,11,240,27,4371,238,223,114,3271
1132,3121,243,7,234,48,5641,207,246,176,2518
1133,3236,63,5,553,88,5863,225,229,139,2445
1134,3072,53,7,108,8,5289,224,224,134,2675
1135,3056,0,3,247,11,3327,215,234,156,1513
1136,3018,15,5,300,7,2762,216,230,152,1233
1137,3058,13,4,60,1,3539,215,231,152,1634
1138,3091,59,13,182,16,4362,230,211,112,3300
1139,3291,27,10,691,30,3777,216,219,138,3844
1140,3087,52,17,85,20,5280,226,202,103,2763
1141,3033,45,7,175,25,2519,222,225,138,1057
1142,2827,330,18,404,86,531,174,215,180,2321
1143,3074,53,11,67,5,5318,227,215,121,2771
1144,3157,79,8,212,2,5162,231,225,126,2791
1145,3018,33,7,134,10,2263,219,226,143,1031
1146,2962,100,18,242,74,1917,246,213,89,1140
1147,3155,359,12,390,46,4837,202,219,153,3022
1148,3123,40,13,323,59,5042,222,212,123,2912
1149,3094,352,5,134,2,4593,211,231,158,3187
1150,2861,0,4,0,0,1544,213,232,156,1337
1151,3122,52,11,300,57,5064,226,217,124,2943
1152,3041,63,4,283,33,2555,224,231,143,908
1153,2877,342,13,450,131,618,193,220,166,2285
1154,2728,88,14,240,40,242,241,215,101,2424
1155,2714,73,19,212,36,240,239,200,84,2376
1156,3145,42,18,384,80,4983,220,197,106,3022
1157,2717,70,18,218,43,242,237,203,91,2358
1158,2751,76,17,313,63,323,239,206,92,2463
1159,2711,67,20,201,37,218,236,196,84,2316
1160,2695,54,13,150,20,162,227,211,115,2270
1161,2686,41,9,90,12,108,220,221,134,2221
1162,3095,13,9,95,8,3684,212,223,148,1498
1163,2738,77,11,323,60,335,234,219,115,2396
1164,2733,58,9,295,59,313,227,222,129,2372
1165,2895,30,10,30,0,1838,217,217,135,1041
1166,2710,63,17,190,36,216,233,204,98,2256
1167,3121,288,8,127,0,4585,197,239,182,3304
1168,3140,265,14,283,39,5708,183,245,201,2902
1169,2868,72,20,30,15,1087,238,196,80,1758
1170,2741,64,11,342,67,362,230,217,118,2363
1171,2920,355,10,210,92,937,204,222,157,1967
1172,2744,60,13,351,70,376,230,213,114,2347
1173,2703,55,11,120,35,150,227,216,121,2148
1174,3116,45,9,153,32,5220,223,220,132,3066
1175,2807,62,22,485,119,497,233,189,79,2460
1176,2748,61,15,360,74,390,231,208,106,2331
1177,2742,64,10,330,68,360,230,219,122,2306
1178,2739,71,13,300,65,330,234,214,110,2264
1179,2709,59,11,120,43,150,228,217,120,2114
1180,3170,310,4,108,4,5042,209,237,167,2685
1181,3156,88,6,450,22,4367,229,230,135,2023
1182,2938,1,11,30,3,2120,204,217,152,774
1183,2916,27,8,371,99,872,217,223,142,2078
1184,2779,64,23,420,105,450,234,186,72,2352
1185,2720,54,10,180,57,210,226,218,125,2147
1186,3126,34,16,85,11,4354,216,203,118,3524
1187,3212,258,21,277,73,4721,167,247,216,3329
1188,3100,322,3,0,0,5428,212,236,162,3089
1189,2785,59,24,421,110,450,230,183,73,2337
1190,2774,58,23,391,100,420,229,184,75,2311
1191,2756,52,20,331,90,360,226,193,93,2259
1192,2723,53,10,182,57,210,226,218,126,2131
1193,2708,67,16,95,37,120,234,207,100,2055
1194,2960,303,20,256,52,1857,162,227,204,966
1195,2817,64,24,484,143,511,233,184,70,2375
1196,2754,50,24,306,86,331,223,180,78,2218
1197,2731,51,12,218,65,242,226,213,119,2140
1198,2722,57,10,162,52,182,227,219,125,2089
1199,2717,62,11,134,46,153,230,216,118,2064
1200,3206,106,6,170,15,5590,231,232,135,3154
1201,2850,61,20,577,176,603,232,196,88,2442
1202,2774,45,22,342,106,365,220,188,92,2229
1203,2763,54,25,313,95,335,225,179,74,2203
1204,2729,57,11,201,58,218,228,217,121,2099
1205,2715,55,12,127,38,134,227,215,119,2022
1206,3112,253,10,108,4,5532,198,247,187,3152
1207,2758,61,24,295,92,313,231,182,69,2162
1208,2747,62,21,268,79,285,233,193,83,2136
1209,2714,36,11,124,41,127,220,216,130,1981
1210,3154,54,15,361,67,5023,228,207,108,3302
1211,3111,261,9,95,3,5521,199,245,185,3182
1212,3212,135,8,218,21,5689,233,237,135,3196
1213,3178,93,13,551,42,4577,240,220,108,2154
1214,2719,54,6,134,46,150,224,226,137,1965
1215,3161,315,12,90,22,4508,189,230,181,3556
1216,3108,56,5,30,2,5387,223,229,141,3260
1217,3155,111,7,395,21,4447,233,232,131,1995
1218,2871,67,22,600,197,626,236,192,77,2391
1219,2835,81,17,524,169,541,241,208,92,2309
1220,2809,75,16,443,146,457,238,207,95,2227
1221,3191,81,5,457,15,4686,226,231,140,2224
1222,2915,146,15,42,10,1528,239,237,123,1376
1223,2799,60,13,408,129,417,230,212,113,2160
1224,2751,72,24,301,74,306,239,187,66,2053
1225,2731,73,14,212,60,218,236,213,105,1973
1226,2748,46,18,277,75,285,223,198,103,2012
1227,2741,49,17,247,70,256,225,200,103,1986
1228,2725,65,18,190,46,201,234,201,93,1932
1229,2709,77,14,134,29,150,237,214,105,1879
1230,3212,198,6,459,21,5955,218,245,162,3132
1231,2822,41,19,488,152,495,219,194,103,2190
1232,2806,40,22,400,129,408,216,185,95,2108
1233,2765,53,29,313,92,323,221,163,56,2026
1234,2750,41,22,256,71,268,216,186,95,1972
1235,2751,51,23,242,77,256,224,184,82,1932
1236,3209,74,20,306,82,4092,239,198,81,3629
1237,3146,291,10,30,-6,4362,192,239,186,3477
1238,3183,99,5,90,4,5472,228,233,140,2982
1239,2917,301,10,30,1,1634,193,236,183,1318
1240,2786,53,29,335,107,350,221,163,56,2001
1241,3195,230,7,466,75,6006,209,247,174,3032
1242,2797,55,28,350,118,362,224,168,59,1989
1243,2753,60,25,242,74,258,230,177,67,1879
1244,2784,55,25,309,105,324,226,178,71,1922
1245,3088,124,17,182,39,3424,246,226,102,800
1246,2745,58,24,212,78,240,229,183,74,1800
1247,2724,60,21,153,52,180,231,192,84,1745
1248,2702,75,18,95,30,120,239,202,87,1691
1249,3178,263,9,272,58,5807,197,245,187,2941
1250,3131,169,4,162,-5,4073,224,242,153,1478
1251,2801,60,27,335,122,361,229,172,59,1900
1252,2763,56,23,247,96,272,228,185,79,1816
1253,2740,59,23,190,68,212,230,184,75,1761
1254,2987,354,13,228,14,2554,197,218,158,268
1255,2947,18,16,42,10,1776,206,205,133,1236
1256,2770,52,23,256,105,277,225,183,80,1805
1257,2736,62,24,175,64,190,232,182,69,1722
1258,2803,57,33,323,136,342,223,157,45,1851
1259,2743,62,26,180,71,201,231,176,62,1710
1260,2728,69,30,150,54,175,236,168,42,1682
1261,2711,69,25,120,36,150,237,182,62,1655
1262,2703,60,16,90,35,120,231,205,102,1627
1263,3173,90,11,270,2,4838,237,222,114,2251
1264,3148,146,5,150,12,4583,227,239,146,1981
1265,3081,154,11,212,25,3556,234,241,137,872
1266,2891,48,17,268,-36,659,224,201,105,2155
1267,2830,51,29,360,163,379,220,166,61,1869
1268,2799,52,29,300,127,323,220,164,59,1812
1269,2763,59,28,210,91,240,228,171,58,1728
1270,2716,69,27,120,48,148,237,177,55,1643
1271,3122,158,8,67,2,4200,229,242,146,1560
1272,2771,60,29,210,96,240,228,167,52,1717
1273,3140,255,14,162,23,5678,187,248,199,2794
1274,3140,135,5,67,4,4547,228,238,144,1920
1275,2963,32,9,0,0,1762,218,221,138,1350
1276,3202,48,22,153,32,4161,222,187,89,3263
1277,3146,130,4,134,5,4726,226,237,145,2100
1278,2843,70,27,335,171,365,238,180,58,1813
1279,2812,63,25,277,137,306,232,180,65,1756
1280,2738,63,33,134,64,162,228,154,33,1613
1281,3037,48,19,430,-8,3005,224,196,99,190
1282,2990,284,12,180,46,1936,185,240,194,1172
1283,2865,85,15,400,193,430,240,213,99,1863
1284,2809,62,24,256,141,285,232,183,70,1716
1285,2720,57,23,95,37,120,229,184,77,1546
1286,2958,55,4,247,-1,1234,222,231,145,2012
1287,2774,58,30,190,96,212,225,164,51,1624
1288,2938,62,5,162,10,972,224,230,142,2313
1289,2771,56,30,175,88,190,224,163,53,1587
1290,2755,62,35,150,76,162,226,150,29,1558
1291,2788,61,26,180,105,210,231,178,65,1572
1292,2750,70,36,120,83,150,232,148,16,1513
1293,2732,71,33,90,61,120,235,158,28,1484
1294,2737,70,34,95,61,120,234,154,24,1477
1295,3212,71,15,402,97,5094,235,213,107,2642
1296,3106,83,6,180,-8,4254,228,230,137,1519
1297,3067,320,4,212,11,3406,209,236,165,591
1298,2960,59,4,90,0,1230,223,231,143,2086
1299,2890,68,17,331,-37,540,235,204,95,1884
1300,2818,65,19,247,135,270,234,199,89,1618
1301,2767,73,36,134,91,150,234,147,12,1500
1302,3187,63,7,258,69,5261,226,226,134,2571
1303,2813,65,19,228,146,242,234,198,88,1583
1304,2773,74,36,150,92,153,236,149,13,1495
1305,3239,180,3,566,60,4673,220,241,156,2726
1306,3192,102,7,319,73,5206,232,231,132,2519
1307,3151,266,15,127,16,5664,181,245,203,2460
1308,2809,82,22,212,128,228,244,196,71,1544
1309,3211,115,4,362,30,5685,227,236,144,2543
1310,3081,0,9,150,3,3751,208,224,154,942
1311,3009,131,10,67,8,2718,237,235,128,573
1312,2799,82,25,201,126,210,245,187,56,1507
1313,3197,247,5,324,47,5873,209,244,173,2382
1314,3181,309,6,67,6,5204,203,236,172,2496
1315,3110,81,6,300,6,4360,228,230,136,1587
1316,3094,4,4,0,0,4030,215,232,155,1226
1317,2791,75,29,180,107,182,240,173,43,1473
1318,3031,253,6,323,59,2297,207,244,174,1127
1319,2830,72,15,210,45,277,236,210,102,1561
1320,2778,80,34,150,109,162,241,159,19,1441
1321,3245,45,2,564,66,4387,220,233,150,2650
1322,2930,79,7,90,1,997,230,227,130,2280
1323,3046,144,13,210,2,3200,238,237,127,573
1324,2850,113,14,108,13,400,244,224,107,1651
1325,2769,79,31,60,-15,175,242,167,31,1411
1326,3193,97,10,319,19,5153,237,225,119,2358
1327,3036,149,11,150,-7,3238,235,239,134,601
1328,2957,123,10,150,-8,1337,237,233,126,2135
1329,2756,70,31,30,-19,153,235,163,36,1383
1330,3252,49,5,589,8,4283,222,229,143,2554
1331,3229,63,2,454,19,4709,221,234,149,2324
1332,2993,286,14,30,10,2699,179,239,199,895
1333,3173,57,7,457,78,4964,225,226,136,2108
1334,3188,67,8,170,6,5121,228,224,129,2118
1335,3178,49,5,474,83,5004,222,229,143,2132
1336,3175,48,6,446,80,4978,223,227,140,2103
1337,3105,140,8,30,3,4555,233,238,136,1641
1338,2762,61,30,60,-13,170,228,165,49,1362
1339,3219,324,6,366,38,5803,205,233,168,2184
1340,3219,352,8,319,38,5748,206,226,158,2206
1341,2737,52,29,90,52,120,220,165,60,1277
1342,3206,261,5,446,35,5980,209,242,172,2098
1343,3164,88,19,361,102,3878,245,205,82,849
1344,2933,58,4,0,0,1138,223,230,143,2353
1345,2790,60,23,108,-8,234,231,187,77,1401
1346,3199,108,2,342,16,5367,225,236,146,2363
1347,2815,55,18,120,-14,297,229,199,97,1465
1348,3218,61,12,313,35,5649,230,215,117,2187
1349,3207,72,3,301,24,5541,223,233,146,2244
1350,3081,184,11,175,23,3720,222,247,157,618
1351,3042,56,10,42,-2,3443,227,218,124,408
1352,2821,58,18,150,-15,306,230,200,97,1471
1353,2776,73,25,175,95,190,238,185,62,1354
1354,2765,75,21,150,77,162,240,197,78,1324
1355,3216,58,9,335,33,5635,227,222,129,2174
1356,3049,293,5,306,62,2471,205,239,173,1025
1357,2806,66,21,190,-23,256,235,193,80,1419
1358,3185,32,3,0,0,5165,219,232,150,1919
1359,3018,106,9,150,3,2979,235,229,125,558
1360,2821,58,21,212,-19,295,230,192,86,1455
1361,2800,64,26,218,112,242,233,178,61,1397
1362,3025,307,9,90,14,3250,194,235,180,350
1363,2762,62,27,150,76,175,231,173,58,1319
1364,2734,68,30,108,43,124,234,166,42,1262
1365,3047,78,15,170,0,3480,238,211,99,277
1366,3040,277,10,218,48,2607,193,242,189,882
1367,2953,60,7,134,-8,1366,225,226,135,2147
1368,2826,46,27,258,145,283,216,170,73,1423
1369,2736,49,26,108,49,127,221,175,73,1254
1370,2737,44,22,108,41,124,219,186,91,1237
1371,3196,336,8,67,7,5142,199,227,167,1766
1372,3062,329,1,0,0,3830,215,237,159,485
1373,2927,51,16,258,34,741,226,205,108,1900
1374,2914,29,8,335,37,564,217,222,140,1708
1375,2806,76,39,234,119,255,235,141,0,1371
1376,3019,312,6,0,0,2962,203,235,172,524
1377,2811,80,35,255,115,268,241,156,15,1383
1378,3199,268,6,216,13,5918,204,243,178,1736
1379,2841,82,19,319,154,335,242,205,86,1450
1380,2800,67,28,242,109,256,235,173,51,1369
1381,2768,57,22,170,75,175,229,187,80,1288
1382,2747,52,21,124,60,127,225,189,87,1235
1383,3204,101,1,60,2,4905,221,237,152,1698
1384,3091,90,13,192,31,2315,240,219,107,1201
1385,2763,56,22,162,76,170,228,189,83,1276
1386,3170,284,4,173,8,4488,209,240,169,1170
1387,2847,64,23,350,151,362,234,187,72,1476
1388,2826,71,25,300,135,309,238,184,63,1422
1389,2812,71,25,277,130,283,238,182,60,1396
1390,2756,48,23,120,98,124,221,183,84,1240
1391,3024,331,6,30,3,3194,206,233,165,300
1392,2940,3,16,443,47,738,197,208,146,1872
1393,2771,34,20,153,113,162,213,193,108,1282
1394,3037,10,4,60,8,1889,215,231,153,1680
1395,2974,6,10,216,49,1047,208,222,150,2192
1396,2785,35,17,190,127,201,216,201,116,1323
1397,2823,72,26,313,136,323,238,180,57,1441
1398,2811,67,21,285,124,295,236,193,80,1415
1399,2792,26,14,201,134,214,213,208,129,1340
1400,3213,97,4,120,18,4659,226,234,143,1637
1401,3097,92,15,210,33,3944,242,215,98,459
1402,3080,343,14,268,57,2791,190,218,165,755
1403,2799,27,11,212,151,218,216,216,136,1357
1404,3227,328,3,247,6,5805,212,236,162,1800
1405,2837,53,27,335,185,342,223,170,64,1473
1406,2802,47,10,218,149,228,224,217,127,1374
1407,2799,66,9,190,140,201,229,221,124,1350
1408,3242,315,17,153,47,5015,173,224,190,1448
1409,3213,39,6,319,-7,5536,221,226,141,1820
1410,3095,138,13,268,47,3987,240,235,122,503
1411,2773,80,48,124,112,134,226,107,0,1298
1412,3038,90,9,108,3,3676,233,227,125,234
1413,3040,310,12,108,18,3302,186,231,185,300
1414,2847,50,27,323,199,335,220,172,70,1482
1415,2809,67,18,242,150,256,235,201,91,1410
1416,2779,78,47,134,118,150,227,111,0,1318
1417,3215,28,23,175,35,5523,204,183,105,1366
1418,3221,219,3,256,25,6006,216,243,164,1622
1419,2786,76,46,150,132,162,226,113,0,1338
1420,3255,285,16,190,60,4992,175,239,203,1361
1421,3076,34,10,134,-6,2218,219,218,134,1430
1422,2806,31,18,216,145,230,213,199,117,1403
1423,2743,76,49,134,81,150,222,103,0,1337
1424,2728,62,29,108,72,124,230,166,0,1315
1425,3043,324,14,108,35,1691,184,224,179,2028
1426,2842,62,28,309,187,323,231,172,55,1490
1427,2803,74,46,175,141,190,224,111,0,1379
1428,3241,31,23,228,52,5561,207,183,102,1289
1429,3217,244,6,218,-3,6025,208,245,175,1566
1430,2899,35,18,430,240,443,215,198,113,1602
1431,2760,75,49,170,95,175,219,97,0,1379
1432,3290,24,16,182,20,3842,210,205,128,1940
1433,2856,53,28,335,195,350,223,169,63,1530
1434,3305,205,7,430,110,5167,216,246,166,1206
1435,3213,235,8,210,-7,6056,207,247,178,1518
1436,3074,331,12,162,11,3302,192,225,172,469
1437,3084,88,12,242,-1,2214,238,220,110,1513
1438,2914,30,14,390,-30,470,215,208,126,1640
1439,2828,72,45,228,162,234,223,113,0,1443
1440,2710,66,32,90,53,95,232,160,0,1345
1441,3276,354,10,42,6,4055,204,223,157,1719
1442,3077,76,9,90,18,2014,232,223,124,1754
1443,2847,35,22,255,68,277,211,186,100,1486
1444,2789,74,49,201,35,218,219,99,0,1445
1445,2857,63,24,228,78,285,233,183,70,1507
1446,2743,61,33,108,24,150,226,154,0,1410
1447,3331,358,15,361,61,3635,196,211,152,2014
1448,3072,329,17,60,13,1905,178,218,179,1914
1449,2825,93,45,190,45,268,240,130,0,1510
1450,2753,57,32,95,34,162,222,155,41,1434
1451,2722,53,32,40,3,108,218,153,45,1398
1452,3062,101,4,60,2,4136,226,234,144,722
1453,3044,2,7,30,3,3681,211,227,154,484
1454,2827,84,46,162,26,283,233,119,0,1533
1455,2811,76,29,150,31,256,241,172,0,1513
1456,2764,55,31,85,10,175,222,159,48,1458
1457,3047,85,15,573,58,1433,240,213,99,2483
1458,2878,82,45,150,48,323,234,124,0,1575
1459,2827,84,46,134,-2,295,233,118,0,1556
1460,3260,256,9,306,34,5626,202,245,182,1471
1461,2830,79,46,108,0,309,229,116,0,1579
1462,2820,60,25,95,-9,283,230,181,0,1560
1463,2740,54,29,0,0,134,222,165,57,1456
1464,3266,65,13,120,40,4507,232,212,110,1242
1465,3056,37,5,90,0,3795,220,229,145,589
1466,3101,303,14,277,1,3399,181,233,193,631
1467,3057,85,16,592,56,1482,241,211,96,2467
1468,2950,37,5,180,5,589,220,229,146,1803
1469,2840,78,44,85,10,324,231,121,0,1600
1470,2788,55,28,0,0,216,224,168,59,1539
1471,2747,56,30,67,-6,150,224,162,51,1492
1472,2732,60,31,87,-7,120,227,161,45,1477
1473,3237,152,14,541,146,5386,237,239,130,1503
1474,2741,63,31,108,-12,124,229,160,40,1504
1475,2991,83,8,170,32,859,231,227,128,2060
1476,2802,59,28,87,-6,228,228,171,58,1600
1477,3132,20,29,212,69,4042,185,165,102,805
1478,3139,34,2,324,9,2509,219,232,149,1504
1479,3112,73,7,95,12,2292,229,226,131,1718
1480,3335,52,14,240,36,4207,226,208,112,1302
1481,3035,53,7,402,55,1261,224,225,135,2424
1482,3168,300,5,379,37,3153,205,238,172,1003
1483,2717,74,35,85,52,90,237,154,19,1599
1484,3280,162,4,319,40,5206,223,240,152,750
1485,3082,106,7,532,28,1717,232,232,132,2391
1486,2816,75,27,203,-20,242,241,177,49,1691
1487,2722,75,34,95,57,95,238,156,20,1627
1488,2857,87,21,175,-26,335,245,201,75,1760
1489,3230,207,3,313,20,5569,217,242,161,1234
1490,3048,96,4,424,68,1370,227,233,141,2544
1491,2732,77,33,124,70,127,240,162,26,1682
1492,2714,74,32,95,52,108,238,164,31,1671
1493,3242,16,7,242,15,5940,214,226,148,999
1494,3021,148,15,212,41,1194,239,237,124,2402
1495,2772,82,31,190,117,192,244,171,34,1733
1496,3108,48,26,30,10,3868,219,175,75,934
1497,3183,28,8,331,-30,2952,216,223,141,1315
1498,3181,39,9,335,-32,2925,221,220,134,1337
1499,3165,14,12,330,64,2605,209,216,143,1615
